"total_trx","total_amount","tx_day"
8,80000,2018-12-20 00:00:00.000
4,40000,2018-12-28 00:00:00.000
4,40000,2019-01-18 00:00:00.000
114,7800000,2019-01-25 00:00:00.000
34,1210000,2019-01-26 00:00:00.000
4,40000,2019-01-27 00:00:00.000
6,328000,2019-01-28 00:00:00.000
20,720000,2019-01-29 00:00:00.000
6,220000,2019-01-30 00:00:00.000
4,40000,2019-01-31 00:00:00.000
2,100000,2019-02-01 00:00:00.000
6,140000,2019-02-02 00:00:00.000
2,20000,2019-02-04 00:00:00.000
4,120000,2019-02-05 00:00:00.000
2,4000000,2019-02-06 00:00:00.000
2,20000,2019-02-11 00:00:00.000
4,300000,2019-02-13 00:00:00.000
2,20000,2019-02-20 00:00:00.000
2,20000,2019-02-23 00:00:00.000
2,200000,2019-02-25 00:00:00.000
2,30000,2019-02-26 00:00:00.000
2,100000,2019-03-01 00:00:00.000
4,700000,2019-03-03 00:00:00.000
2,200000,2019-03-04 00:00:00.000
4,40000,2019-03-06 00:00:00.000
2,100000,2019-03-11 00:00:00.000
2,20000,2019-03-12 00:00:00.000
6,70000,2019-03-20 00:00:00.000
2,200000,2019-04-09 00:00:00.000
4,200000,2019-04-10 00:00:00.000
2,200000,2019-04-12 00:00:00.000
2,20000,2019-04-16 00:00:00.000
2,200000,2019-04-18 00:00:00.000
2,50000,2019-04-22 00:00:00.000
6,270000,2019-04-25 00:00:00.000
4,40000,2019-04-26 00:00:00.000
2,100000,2019-04-27 00:00:00.000
10,100000,2019-04-29 00:00:00.000
4,400000,2019-05-03 00:00:00.000
2,100000,2019-05-09 00:00:00.000
4,230000,2019-05-12 00:00:00.000
2,68000,2019-05-21 00:00:00.000
2,200000,2019-05-30 00:00:00.000
2,100000,2019-06-12 00:00:00.000
2,40000,2019-06-13 00:00:00.000
2,20000,2019-06-14 00:00:00.000
2,20000,2019-06-15 00:00:00.000
2,100000,2019-06-26 00:00:00.000
2,200000,2019-06-29 00:00:00.000
2,30000,2019-07-03 00:00:00.000
2,100000,2019-07-04 00:00:00.000
2,30000,2019-07-09 00:00:00.000
6,90000,2019-07-16 00:00:00.000
2,100000,2019-07-18 00:00:00.000
2,100000,2019-07-22 00:00:00.000
2,50000,2019-07-25 00:00:00.000
4,620000,2019-07-26 00:00:00.000
2,20000,2019-07-29 00:00:00.000
2,200000,2019-07-30 00:00:00.000
2,20000,2019-08-01 00:00:00.000
6,320000,2019-08-16 00:00:00.000
40,53372000,2019-08-19 00:00:00.000
14,21800000,2019-08-20 00:00:00.000
27,35230000,2019-08-21 00:00:00.000
24,32420000,2019-08-22 00:00:00.000
44,70400000,2019-08-23 00:00:00.000
20,36000000,2019-08-24 00:00:00.000
4,8100000,2019-08-25 00:00:00.000
34,49300000,2019-08-26 00:00:00.000
44,68700000,2019-08-27 00:00:00.000
40,55200000,2019-08-28 00:00:00.000
28,38300000,2019-08-29 00:00:00.000
44,71800000,2019-08-30 00:00:00.000
60,96390000,2019-08-31 00:00:00.000
40,61800000,2019-09-01 00:00:00.000
64,103460000,2019-09-02 00:00:00.000
40,55000000,2019-09-03 00:00:00.000
44,60550000,2019-09-04 00:00:00.000
114,182040000,2019-09-05 00:00:00.000
138,201840000,2019-09-06 00:00:00.000
132,202480000,2019-09-07 00:00:00.000
96,144470000,2019-09-08 00:00:00.000
18,27050000,2019-09-09 00:00:00.000
10,10140000,2019-09-10 00:00:00.000
6,8900000,2019-09-11 00:00:00.000
2,3400000,2019-09-12 00:00:00.000
14,21950000,2019-09-13 00:00:00.000
6,11200000,2019-09-14 00:00:00.000
4,8100000,2019-09-15 00:00:00.000
2,7270000,2019-09-16 00:00:00.000
6,15900000,2019-09-17 00:00:00.000
4,9000000,2019-09-19 00:00:00.000
4,5200000,2019-09-20 00:00:00.000
2,2700000,2019-09-21 00:00:00.000
4,5300000,2019-09-22 00:00:00.000
2,1600000,2019-09-23 00:00:00.000
6,8150000,2019-09-24 00:00:00.000
2,900000,2019-09-25 00:00:00.000
2,4000000,2019-09-26 00:00:00.000
4,9150000,2019-09-27 00:00:00.000
4,9330000,2019-09-28 00:00:00.000
6,4200000,2019-09-29 00:00:00.000
14,7500000,2019-09-30 00:00:00.000
4,8200000,2019-10-01 00:00:00.000
10,15790000,2019-10-02 00:00:00.000
4,5500000,2019-10-03 00:00:00.000
6,11110000,2019-10-04 00:00:00.000
12,37140000,2019-10-05 00:00:00.000
6,21210000,2019-10-07 00:00:00.000
4,5550000,2019-10-10 00:00:00.000
6,12200000,2019-10-11 00:00:00.000
4,13120000,2019-10-15 00:00:00.000
2,1800000,2019-10-16 00:00:00.000
10,180000,2019-10-17 00:00:00.000
4,7620000,2019-10-18 00:00:00.000
4,5200000,2019-10-19 00:00:00.000
2,4000000,2019-10-20 00:00:00.000
12,17850000,2019-10-21 00:00:00.000
12,25390000,2019-10-22 00:00:00.000
16,36040000,2019-10-23 00:00:00.000
26,72022500,2019-10-24 00:00:00.000
76,178326000,2019-10-25 00:00:00.000
92,207726000,2019-10-26 00:00:00.000
86,189460000,2019-10-27 00:00:00.000
76,168985000,2019-10-28 00:00:00.000
48,81975000,2019-10-29 00:00:00.000
44,87729000,2019-10-30 00:00:00.000
74,161447000,2019-10-31 00:00:00.000
90,196240000,2019-11-01 00:00:00.000
28,55580000,2019-11-02 00:00:00.000
4,2910000,2019-11-03 00:00:00.000
2,3750000,2019-11-04 00:00:00.000
8,1160000,2019-11-07 00:00:00.000
2,1100000,2019-11-08 00:00:00.000
4,4790000,2019-11-09 00:00:00.000
2,8460000,2019-11-10 00:00:00.000
8,18300000,2019-11-12 00:00:00.000
2,2450000,2019-11-13 00:00:00.000
16,540000,2019-11-14 00:00:00.000
2,8000000,2019-11-15 00:00:00.000
8,3400000,2019-11-18 00:00:00.000
4,2800000,2019-11-21 00:00:00.000
2,1000000,2019-11-22 00:00:00.000
2,3400000,2019-11-23 00:00:00.000
2,1800000,2019-11-25 00:00:00.000
14,6410000,2019-11-26 00:00:00.000
8,10000000,2019-11-28 00:00:00.000
10,4700000,2019-11-29 00:00:00.000
12,11810000,2019-11-30 00:00:00.000
2,1600000,2019-12-01 00:00:00.000
2,3000000,2019-12-02 00:00:00.000
12,4220000,2019-12-03 00:00:00.000
4,2020000,2019-12-04 00:00:00.000
12,3050000,2019-12-05 00:00:00.000
4,5480000,2019-12-06 00:00:00.000
2,2000000,2019-12-08 00:00:00.000
6,4360000,2019-12-09 00:00:00.000
4,3300000,2019-12-10 00:00:00.000
6,640000,2019-12-11 00:00:00.000
2,600000,2019-12-12 00:00:00.000
2,2300000,2019-12-13 00:00:00.000
2,5000000,2019-12-14 00:00:00.000
10,10280000,2019-12-15 00:00:00.000
6,10760000,2019-12-16 00:00:00.000
6,11200000,2019-12-17 00:00:00.000
2,4930000,2019-12-18 00:00:00.000
10,2240000,2019-12-19 00:00:00.000
4,5500000,2019-12-20 00:00:00.000
20,39665000,2019-12-21 00:00:00.000
8,10440000,2019-12-22 00:00:00.000
4,3700000,2019-12-23 00:00:00.000
2,5500000,2019-12-24 00:00:00.000
8,4640000,2019-12-25 00:00:00.000
10,14270000,2019-12-26 00:00:00.000
18,19716000,2019-12-27 00:00:00.000
56,88910000,2019-12-28 00:00:00.000
32,46810000,2019-12-29 00:00:00.000
8,10250000,2019-12-30 00:00:00.000
16,28080000,2019-12-31 00:00:00.000
20,31010000,2020-01-01 00:00:00.000
12,32720000,2020-01-02 00:00:00.000
26,46120000,2020-01-03 00:00:00.000
76,131202500,2020-01-04 00:00:00.000
34,67216000,2020-01-05 00:00:00.000
42,57040000,2020-01-06 00:00:00.000
28,50320000,2020-01-07 00:00:00.000
26,51010000,2020-01-08 00:00:00.000
36,70280000,2020-01-09 00:00:00.000
62,120448000,2020-01-10 00:00:00.000
40,71430000,2020-01-11 00:00:00.000
6,8950000,2020-01-12 00:00:00.000
2,5350000,2020-01-13 00:00:00.000
4,8100000,2020-01-14 00:00:00.000
6,9500000,2020-01-16 00:00:00.000
6,12800000,2020-01-17 00:00:00.000
4,3550000,2020-01-18 00:00:00.000
2,3000000,2020-01-19 00:00:00.000
2,1000000,2020-01-20 00:00:00.000
4,650000,2020-01-21 00:00:00.000
2,50000,2020-01-24 00:00:00.000
2,6440000,2020-01-27 00:00:00.000
10,13900000,2020-01-28 00:00:00.000
6,4900000,2020-01-29 00:00:00.000
2,800000,2020-01-30 00:00:00.000
8,9950000,2020-01-31 00:00:00.000
8,11100000,2020-02-01 00:00:00.000
2,1000000,2020-02-02 00:00:00.000
66,76810000,2020-02-03 00:00:00.000
70,98460000,2020-02-04 00:00:00.000
60,85100000,2020-02-05 00:00:00.000
52,90690000,2020-02-06 00:00:00.000
48,69650000,2020-02-07 00:00:00.000
58,103130000,2020-02-08 00:00:00.000
44,69325000,2020-02-09 00:00:00.000
48,83110000,2020-02-10 00:00:00.000
42,74790000,2020-02-11 00:00:00.000
48,85470000,2020-02-12 00:00:00.000
78,118510000,2020-02-13 00:00:00.000
98,170240000,2020-02-14 00:00:00.000
98,135330000,2020-02-15 00:00:00.000
98,130344000,2020-02-16 00:00:00.000
34,48810000,2020-02-17 00:00:00.000
16,31300000,2020-02-18 00:00:00.000
20,21520000,2020-02-19 00:00:00.000
8,11500000,2020-02-20 00:00:00.000
18,29910000,2020-02-21 00:00:00.000
24,33070000,2020-02-22 00:00:00.000
16,49290000,2020-02-23 00:00:00.000
20,25610000,2020-02-24 00:00:00.000
12,17580000,2020-02-25 00:00:00.000
1,10000,2020-02-26 00:00:00.000
4,3900000,2020-02-27 00:00:00.000
14,15610000,2020-02-28 00:00:00.000
40,64170000,2020-02-29 00:00:00.000
12,19650000,2020-03-01 00:00:00.000
16,25470000,2020-03-02 00:00:00.000
6,8101000,2020-03-03 00:00:00.000
2,6110000,2020-03-04 00:00:00.000
6,9500000,2020-03-05 00:00:00.000
6,7550000,2020-03-06 00:00:00.000
10,20110000,2020-03-07 00:00:00.000
2,50000,2020-03-09 00:00:00.000
2,9100000,2020-03-11 00:00:00.000
2,20000,2020-03-12 00:00:00.000
2,20000,2020-03-13 00:00:00.000
2,3900000,2020-03-14 00:00:00.000
2,2900000,2020-03-15 00:00:00.000
3,31500,2020-03-16 00:00:00.000
7,130000,2020-03-17 00:00:00.000
1,1500000,2020-03-18 00:00:00.000
1,3850000,2020-03-19 00:00:00.000
1,100000,2020-03-20 00:00:00.000
1,50000,2020-03-24 00:00:00.000
3,1635000,2020-03-26 00:00:00.000
8,15916000,2020-03-27 00:00:00.000
1,2000000,2020-03-28 00:00:00.000
6,11723000,2020-03-29 00:00:00.000
10,24225000,2020-03-30 00:00:00.000
33,79360000,2020-03-31 00:00:00.000
33,79287000,2020-04-01 00:00:00.000
35,76643000,2020-04-02 00:00:00.000
23,54215000,2020-04-03 00:00:00.000
27,56105750,2020-04-04 00:00:00.000
25,44532000,2020-04-05 00:00:00.000
17,30575000,2020-04-06 00:00:00.000
23,50413000,2020-04-07 00:00:00.000
11,22938500,2020-04-08 00:00:00.000
28,60805000,2020-04-09 00:00:00.000
22,38725000,2020-04-10 00:00:00.000
5,7000000,2020-04-12 00:00:00.000
1,4000000,2020-04-13 00:00:00.000
2,410000,2020-04-14 00:00:00.000
17,25983000,2020-04-15 00:00:00.000
28,73685000,2020-04-16 00:00:00.000
45,109045000,2020-04-17 00:00:00.000
4,4075000,2020-04-18 00:00:00.000
3,420001,2020-04-19 00:00:00.000
5,2050000,2020-04-20 00:00:00.000
9,5955000,2020-04-21 00:00:00.000
9,9574000,2020-04-22 00:00:00.000
18,23193000,2020-04-23 00:00:00.000
7,8491000,2020-04-24 00:00:00.000
6,4767000,2020-04-25 00:00:00.000
7,3000000,2020-04-26 00:00:00.000
6,5727000,2020-04-27 00:00:00.000
7,8988000,2020-04-28 00:00:00.000
5,4870000,2020-04-29 00:00:00.000
13,17869000,2020-04-30 00:00:00.000
9,6857000,2020-05-01 00:00:00.000
15,16436000,2020-05-02 00:00:00.000
6,5485000,2020-05-03 00:00:00.000
24,43672000,2020-05-04 00:00:00.000
15,27291000,2020-05-05 00:00:00.000
17,34888000,2020-05-06 00:00:00.000
14,24599000,2020-05-07 00:00:00.000
35,73150000,2020-05-08 00:00:00.000
10,15114000,2020-05-09 00:00:00.000
6,7359000,2020-05-10 00:00:00.000
12,9854000,2020-05-11 00:00:00.000
7,8377000,2020-05-12 00:00:00.000
10,5510000,2020-05-13 00:00:00.000
7,4340000,2020-05-14 00:00:00.000
23,23665000,2020-05-15 00:00:00.000
16,36268000,2020-05-16 00:00:00.000
3,1855000,2020-05-17 00:00:00.000
22,28573000,2020-05-18 00:00:00.000
11,10005000,2020-05-19 00:00:00.000
12,18441000,2020-05-20 00:00:00.000
6,3590000,2020-05-21 00:00:00.000
7,6305000,2020-05-22 00:00:00.000
3,2160000,2020-05-23 00:00:00.000
4,5350000,2020-05-25 00:00:00.000
11,18327000,2020-05-26 00:00:00.000
13,13664000,2020-05-27 00:00:00.000
15,29383000,2020-05-28 00:00:00.000
16,16934000,2020-05-29 00:00:00.000
5,9085000,2020-05-30 00:00:00.000
9,10790000,2020-05-31 00:00:00.000
15,14635302,2020-06-01 00:00:00.000
49,68498000,2020-06-02 00:00:00.000
39,42668000,2020-06-03 00:00:00.000
32,42268500,2020-06-04 00:00:00.000
33,47484000,2020-06-05 00:00:00.000
23,29743000,2020-06-06 00:00:00.000
7,3920000,2020-06-07 00:00:00.000
60,59856000,2020-06-08 00:00:00.000
24,18900000,2020-06-09 00:00:00.000
34,39062000,2020-06-10 00:00:00.000
24,21830000,2020-06-11 00:00:00.000
11,9850000,2020-06-12 00:00:00.000
12,15943000,2020-06-13 00:00:00.000
5,4340000,2020-06-14 00:00:00.000
24,30609000,2020-06-15 00:00:00.000
19,16669000,2020-06-16 00:00:00.000
18,25289500,2020-06-17 00:00:00.000
20,17269000,2020-06-18 00:00:00.000
27,24815000,2020-06-19 00:00:00.000
8,9350000,2020-06-20 00:00:00.000
8,19114000,2020-06-21 00:00:00.000
37,41259500,2020-06-22 00:00:00.000
38,40888000,2020-06-23 00:00:00.000
34,39370000,2020-06-24 00:00:00.000
31,41519250,2020-06-25 00:00:00.000
51,65005000,2020-06-26 00:00:00.000
35,62215500,2020-06-27 00:00:00.000
34,73851000,2020-06-28 00:00:00.000
60,86265500,2020-06-29 00:00:00.000
33,53610000,2020-06-30 00:00:00.000
49,75330500,2020-07-01 00:00:00.000
72,114052000,2020-07-02 00:00:00.000
74,121756500,2020-07-03 00:00:00.000
29,45962000,2020-07-04 00:00:00.000
16,32389890,2020-07-05 00:00:00.000
164,359409302,2020-07-06 00:00:00.000
165,312560000,2020-07-07 00:00:00.000
116,56373500,2020-07-08 00:00:00.000
77,38389000,2020-07-09 00:00:00.000
83,42524000,2020-07-10 00:00:00.000
10,7740000,2020-07-11 00:00:00.000
17,21435000,2020-07-12 00:00:00.000
99,65750000,2020-07-13 00:00:00.000
69,31538500,2020-07-14 00:00:00.000
49,26900000,2020-07-15 00:00:00.000
33,14957500,2020-07-16 00:00:00.000
43,18356000,2020-07-17 00:00:00.000
11,14210000,2020-07-18 00:00:00.000
9,2800000,2020-07-19 00:00:00.000
45,27945000,2020-07-20 00:00:00.000
31,17286500,2020-07-21 00:00:00.000
33,22025000,2020-07-22 00:00:00.000
31,11630000,2020-07-23 00:00:00.000
54,19199000,2020-07-24 00:00:00.000
17,10485000,2020-07-25 00:00:00.000
8,4750000,2020-07-26 00:00:00.000
44,14429400,2020-07-27 00:00:00.000
73,30530400,2020-07-28 00:00:00.000
70,25200100,2020-07-29 00:00:00.000
71,23879400,2020-07-30 00:00:00.000
22,9949200,2020-07-31 00:00:00.000
23,10835800,2020-08-01 00:00:00.000
38,16637400,2020-08-02 00:00:00.000
147,53631900,2020-08-03 00:00:00.000
149,65296402,2020-08-04 00:00:00.000
140,58014090,2020-08-05 00:00:00.000
109,55501656,2020-08-06 00:00:00.000
174,74608500,2020-08-07 00:00:00.000
46,21979000,2020-08-08 00:00:00.000
41,18832500,2020-08-09 00:00:00.000
278,135203200,2020-08-10 00:00:00.000
159,69848500,2020-08-11 00:00:00.000
96,48242100,2020-08-12 00:00:00.000
143,65843200,2020-08-13 00:00:00.000
141,88893700,2020-08-14 00:00:00.000
57,19019300,2020-08-15 00:00:00.000
49,17715000,2020-08-16 00:00:00.000
45,19794500,2020-08-17 00:00:00.000
208,74884800,2020-08-18 00:00:00.000
180,66929500,2020-08-19 00:00:00.000
49,20401900,2020-08-20 00:00:00.000
52,19453700,2020-08-21 00:00:00.000
30,16890700,2020-08-22 00:00:00.000
33,15391700,2020-08-23 00:00:00.000
251,88860300,2020-08-24 00:00:00.000
377,140888900,2020-08-25 00:00:00.000
205,91148800,2020-08-26 00:00:00.000
99,53968200,2020-08-27 00:00:00.000
170,128270400,2020-08-28 00:00:00.000
40,41785900,2020-08-29 00:00:00.000
29,30059700,2020-08-30 00:00:00.000
294,528229400,2020-08-31 00:00:00.000
243,401232800,2020-09-01 00:00:00.000
229,361502500,2020-09-02 00:00:00.000
260,443142800,2020-09-03 00:00:00.000
270,372794700,2020-09-04 00:00:00.000
151,158154400,2020-09-05 00:00:00.000
108,105377200,2020-09-06 00:00:00.000
175,125997300,2020-09-07 00:00:00.000
157,118678400,2020-09-08 00:00:00.000
160,117216940,2020-09-09 00:00:00.000
137,77484700,2020-09-10 00:00:00.000
128,84344900,2020-09-11 00:00:00.000
46,34401200,2020-09-12 00:00:00.000
61,41957410,2020-09-13 00:00:00.000
105,68101703,2020-09-14 00:00:00.000
138,119200300,2020-09-15 00:00:00.000
260,283876700,2020-09-16 00:00:00.000
423,852335700,2020-09-17 00:00:00.000
476,920004000,2020-09-18 00:00:00.000
115,216203000,2020-09-19 00:00:00.000
57,90791900,2020-09-20 00:00:00.000
398,875170300,2020-09-21 00:00:00.000
243,362447300,2020-09-22 00:00:00.000
319,286559700,2020-09-23 00:00:00.000
100,80502700,2020-09-24 00:00:00.000
73,49378700,2020-09-25 00:00:00.000
23,17504900,2020-09-26 00:00:00.000
27,17936500,2020-09-27 00:00:00.000
54,37267800,2020-09-28 00:00:00.000
143,99882500,2020-09-29 00:00:00.000
94,67946400,2020-09-30 00:00:00.000
151,82965700,2020-10-01 00:00:00.000
135,76546900,2020-10-02 00:00:00.000
65,42099000,2020-10-03 00:00:00.000
65,37853828,2020-10-04 00:00:00.000
248,133763060,2020-10-05 00:00:00.000
99,63182500,2020-10-06 00:00:00.000
123,72901000,2020-10-07 00:00:00.000
90,67381875,2020-10-08 00:00:00.000
133,85546475,2020-10-09 00:00:00.000
72,39319400,2020-10-10 00:00:00.000
57,33594500,2020-10-11 00:00:00.000
133,77673450,2020-10-12 00:00:00.000
227,169233200,2020-10-13 00:00:00.000
248,189754575,2020-10-14 00:00:00.000
87,45268950,2020-10-15 00:00:00.000
79,59346325,2020-10-16 00:00:00.000
21,12039250,2020-10-17 00:00:00.000
32,18167500,2020-10-18 00:00:00.000
158,193911775,2020-10-19 00:00:00.000
143,608548000,2020-10-20 00:00:00.000
59,289269575,2020-10-21 00:00:00.000
68,413241325,2020-10-22 00:00:00.000
197,435550700,2020-10-23 00:00:00.000
31,52474650,2020-10-24 00:00:00.000
27,36175000,2020-10-25 00:00:00.000
198,500825225,2020-10-26 00:00:00.000
357,2117710400,2020-10-27 00:00:00.000
87,597751400,2020-10-28 00:00:00.000
66,410164500,2020-10-29 00:00:00.000
66,378487000,2020-10-30 00:00:00.000
80,408089000,2020-10-31 00:00:00.000
110,202448000,2020-11-01 00:00:00.000
184,246266875,2020-11-02 00:00:00.000
208,174574325,2020-11-03 00:00:00.000
155,163386000,2020-11-04 00:00:00.000
160,184578828,2020-11-05 00:00:00.000
158,201268975,2020-11-06 00:00:00.000
64,53418400,2020-11-07 00:00:00.000
48,33358800,2020-11-08 00:00:00.000
297,191879458,2020-11-09 00:00:00.000
210,157038550,2020-11-10 00:00:00.000
128,78243700,2020-11-11 00:00:00.000
121,116360975,2020-11-12 00:00:00.000
361,290844880,2020-11-13 00:00:00.000
46,38521350,2020-11-14 00:00:00.000
35,24399300,2020-11-15 00:00:00.000
224,165257500,2020-11-16 00:00:00.000
132,127268675,2020-11-17 00:00:00.000
100,138213150,2020-11-18 00:00:00.000
354,355149475,2020-11-19 00:00:00.000
342,379956825,2020-11-20 00:00:00.000
83,147541625,2020-11-21 00:00:00.000
101,164296475,2020-11-22 00:00:00.000
116,156211350,2020-11-23 00:00:00.000
209,364146000,2020-11-24 00:00:00.000
138,303967000,2020-11-25 00:00:00.000
390,524395400,2020-11-26 00:00:00.000
229,345991150,2020-11-27 00:00:00.000
93,170060000,2020-11-28 00:00:00.000
68,48942900,2020-11-29 00:00:00.000
392,508785550,2020-11-30 00:00:00.000
323,273444050,2020-12-01 00:00:00.000
201,245415500,2020-12-02 00:00:00.000
194,240746125,2020-12-03 00:00:00.000
366,226639600,2020-12-04 00:00:00.000
85,64182050,2020-12-05 00:00:00.000
48,27692600,2020-12-06 00:00:00.000
160,125384300,2020-12-07 00:00:00.000
265,181320500,2020-12-08 00:00:00.000
55,37824800,2020-12-09 00:00:00.000
155,125219500,2020-12-10 00:00:00.000
166,141489403,2020-12-11 00:00:00.000
48,45100400,2020-12-12 00:00:00.000
26,17262900,2020-12-13 00:00:00.000
81,98360025,2020-12-14 00:00:00.000
76,71048475,2020-12-15 00:00:00.000
227,148649800,2020-12-16 00:00:00.000
94,79404000,2020-12-17 00:00:00.000
131,100253000,2020-12-18 00:00:00.000
56,49177000,2020-12-19 00:00:00.000
14,9043000,2020-12-20 00:00:00.000
228,170126750,2020-12-21 00:00:00.000
182,117873000,2020-12-22 00:00:00.000
92,123857000,2020-12-23 00:00:00.000
32,44215000,2020-12-24 00:00:00.000
24,140075675,2020-12-25 00:00:00.000
24,121519800,2020-12-26 00:00:00.000
27,48147600,2020-12-27 00:00:00.000
67,215426625,2020-12-28 00:00:00.000
57,93930000,2020-12-29 00:00:00.000
171,129717075,2020-12-30 00:00:00.000
52,59739900,2020-12-31 00:00:00.000
49,48954500,2021-01-01 00:00:00.000
61,83606600,2021-01-02 00:00:00.000
72,84517500,2021-01-03 00:00:00.000
208,277917075,2021-01-04 00:00:00.000
192,216708625,2021-01-05 00:00:00.000
175,199694125,2021-01-06 00:00:00.000
166,229765258,2021-01-07 00:00:00.000
173,214307520,2021-01-08 00:00:00.000
111,121859344,2021-01-09 00:00:00.000
87,64450075,2021-01-10 00:00:00.000
190,245545526,2021-01-11 00:00:00.000
184,300063375,2021-01-12 00:00:00.000
172,237052000,2021-01-13 00:00:00.000
161,200732333,2021-01-14 00:00:00.000
303,328430725,2021-01-15 00:00:00.000
135,135984800,2021-01-16 00:00:00.000
46,62369900,2021-01-17 00:00:00.000
191,235293700,2021-01-18 00:00:00.000
111,106811150,2021-01-19 00:00:00.000
129,154476950,2021-01-20 00:00:00.000
243,186747000,2021-01-21 00:00:00.000
201,333297050,2021-01-22 00:00:00.000
68,132821650,2021-01-23 00:00:00.000
54,112253625,2021-01-24 00:00:00.000
155,149080388,2021-01-25 00:00:00.000
185,253699025,2021-01-26 00:00:00.000
164,214375200,2021-01-27 00:00:00.000
127,201830425,2021-01-28 00:00:00.000
135,167530400,2021-01-29 00:00:00.000
127,101682900,2021-01-30 00:00:00.000
81,121759300,2021-01-31 00:00:00.000
191,159886500,2021-02-01 00:00:00.000
206,187787100,2021-02-02 00:00:00.000
208,186789000,2021-02-03 00:00:00.000
241,212126353,2021-02-04 00:00:00.000
319,211449350,2021-02-05 00:00:00.000
112,107379500,2021-02-06 00:00:00.000
55,46735400,2021-02-07 00:00:00.000
235,208647900,2021-02-08 00:00:00.000
176,318782503,2021-02-09 00:00:00.000
352,424907500,2021-02-10 00:00:00.000
201,349700800,2021-02-11 00:00:00.000
126,191949400,2021-02-12 00:00:00.000
149,185943100,2021-02-13 00:00:00.000
115,162482250,2021-02-14 00:00:00.000
491,773891200,2021-02-15 00:00:00.000
472,1102679200,2021-02-16 00:00:00.000
596,1482051750,2021-02-17 00:00:00.000
630,1463713000,2021-02-18 00:00:00.000
629,1364488100,2021-02-19 00:00:00.000
135,267890500,2021-02-20 00:00:00.000
119,247260950,2021-02-21 00:00:00.000
2148,5386140950,2021-02-22 00:00:00.000
1559,3760342600,2021-02-23 00:00:00.000
262,539005000,2021-02-24 00:00:00.000
329,632673450,2021-02-25 00:00:00.000
644,856787850,2021-02-26 00:00:00.000
141,189859600,2021-02-27 00:00:00.000
109,131142350,2021-02-28 00:00:00.000
450,698947275,2021-03-01 00:00:00.000
351,469448250,2021-03-02 00:00:00.000
482,734389652,2021-03-03 00:00:00.000
319,277034325,2021-03-04 00:00:00.000
345,272243450,2021-03-05 00:00:00.000
135,124413250,2021-03-06 00:00:00.000
128,113121933,2021-03-07 00:00:00.000
442,332699100,2021-03-08 00:00:00.000
494,466176700,2021-03-09 00:00:00.000
283,264323125,2021-03-10 00:00:00.000
99,75769850,2021-03-11 00:00:00.000
164,201835550,2021-03-12 00:00:00.000
52,93468150,2021-03-13 00:00:00.000
60,67171000,2021-03-14 00:00:00.000
403,342114951,2021-03-15 00:00:00.000
187,171118381,2021-03-16 00:00:00.000
400,361235800,2021-03-17 00:00:00.000
106,91908500,2021-03-18 00:00:00.000
279,184318050,2021-03-19 00:00:00.000
33,22272500,2021-03-20 00:00:00.000
26,20706000,2021-03-21 00:00:00.000
174,198953100,2021-03-22 00:00:00.000
226,172418700,2021-03-23 00:00:00.000
121,128566500,2021-03-24 00:00:00.000
247,270265100,2021-03-25 00:00:00.000
167,177724350,2021-03-26 00:00:00.000
84,92466500,2021-03-27 00:00:00.000
56,79711800,2021-03-28 00:00:00.000
153,198454400,2021-03-29 00:00:00.000
188,178383150,2021-03-30 00:00:00.000
205,203795100,2021-03-31 00:00:00.000
266,210954250,2021-04-01 00:00:00.000
160,154703550,2021-04-02 00:00:00.000
166,134469550,2021-04-03 00:00:00.000
132,150685900,2021-04-04 00:00:00.000
452,565821253,2021-04-05 00:00:00.000
364,566153500,2021-04-06 00:00:00.000
307,478916800,2021-04-07 00:00:00.000
359,524686500,2021-04-08 00:00:00.000
680,726537353,2021-04-09 00:00:00.000
196,243685750,2021-04-10 00:00:00.000
86,129282200,2021-04-11 00:00:00.000
330,679427025,2021-04-12 00:00:00.000
109,124199066,2021-04-13 00:00:00.000
164,193465825,2021-04-14 00:00:00.000
167,171537025,2021-04-15 00:00:00.000
278,179759450,2021-04-16 00:00:00.000
56,66151009,2021-04-17 00:00:00.000
49,59300500,2021-04-18 00:00:00.000
211,294449100,2021-04-19 00:00:00.000
229,230433225,2021-04-20 00:00:00.000
149,131592075,2021-04-21 00:00:00.000
432,386701500,2021-04-22 00:00:00.000
195,3439378289,2021-04-23 00:00:00.000
81,114741750,2021-04-24 00:00:00.000
72,86461875,2021-04-25 00:00:00.000
386,630200600,2021-04-26 00:00:00.000
300,434147500,2021-04-27 00:00:00.000
255,401649050,2021-04-28 00:00:00.000
307,557152287,2021-04-29 00:00:00.000
498,1142731348,2021-04-30 00:00:00.000
180,140243500,2021-05-01 00:00:00.000
187,122144750,2021-05-02 00:00:00.000
379,376714778,2021-05-03 00:00:00.000
292,282250678,2021-05-04 00:00:00.000
272,315330995,2021-05-05 00:00:00.000
250,189466250,2021-05-06 00:00:00.000
210,2217500393,2021-05-07 00:00:00.000
111,77208000,2021-05-08 00:00:00.000
66,59650000,2021-05-09 00:00:00.000
242,168377600,2021-05-10 00:00:00.000
204,898390648,2021-05-11 00:00:00.000
27,19963000,2021-05-12 00:00:00.000
6,3875000,2021-05-13 00:00:00.000
15,19676000,2021-05-14 00:00:00.000
28,16667000,2021-05-15 00:00:00.000
25,33865000,2021-05-16 00:00:00.000
76,134006724,2021-05-17 00:00:00.000
77,84107200,2021-05-18 00:00:00.000
101,97147600,2021-05-19 00:00:00.000
94,82205250,2021-05-20 00:00:00.000
99,353335337,2021-05-21 00:00:00.000
31,34141500,2021-05-22 00:00:00.000
34,27087000,2021-05-23 00:00:00.000
187,3246313428,2021-05-24 00:00:00.000
217,221386100,2021-05-25 00:00:00.000
93,86089500,2021-05-26 00:00:00.000
173,301105148,2021-05-27 00:00:00.000
334,266309950,2021-05-28 00:00:00.000
107,113921500,2021-05-29 00:00:00.000
112,108245000,2021-05-30 00:00:00.000
264,619385108,2021-05-31 00:00:00.000
158,125645000,2021-06-01 00:00:00.000
683,396185061,2021-06-02 00:00:00.000
755,1195337609,2021-06-03 00:00:00.000
678,1030770498,2021-06-04 00:00:00.000
364,228354800,2021-06-05 00:00:00.000
232,163174650,2021-06-06 00:00:00.000
462,306937050,2021-06-07 00:00:00.000
717,550645547,2021-06-08 00:00:00.000
383,3982536007,2021-06-09 00:00:00.000
412,282503400,2021-06-10 00:00:00.000
465,1335582744,2021-06-11 00:00:00.000
168,137425750,2021-06-12 00:00:00.000
126,132422506,2021-06-13 00:00:00.000
729,1114514257,2021-06-14 00:00:00.000
915,482819031,2021-06-15 00:00:00.000
813,385989075,2021-06-16 00:00:00.000
825,387224900,2021-06-17 00:00:00.000
1073,1240955232,2021-06-18 00:00:00.000
514,212602500,2021-06-19 00:00:00.000
322,119986125,2021-06-20 00:00:00.000
1011,548896225,2021-06-21 00:00:00.000
842,521223665,2021-06-22 00:00:00.000
756,437694175,2021-06-23 00:00:00.000
580,314791475,2021-06-24 00:00:00.000
733,2200595861,2021-06-25 00:00:00.000
431,221335500,2021-06-26 00:00:00.000
339,180183000,2021-06-27 00:00:00.000
849,896631049,2021-06-28 00:00:00.000
1111,1146116603,2021-06-29 00:00:00.000
1455,1172209217,2021-06-30 00:00:00.000
649,1312062954,2021-07-01 00:00:00.000
820,1582137325,2021-07-02 00:00:00.000
343,700395150,2021-07-03 00:00:00.000
210,525773000,2021-07-04 00:00:00.000
694,1860173982,2021-07-05 00:00:00.000
420,1076381626,2021-07-06 00:00:00.000
395,1159204015,2021-07-07 00:00:00.000
418,2870762456,2021-07-08 00:00:00.000
421,995103124,2021-07-09 00:00:00.000
163,293172300,2021-07-10 00:00:00.000
102,121762480,2021-07-11 00:00:00.000
340,586504950,2021-07-12 00:00:00.000
326,677863699,2021-07-13 00:00:00.000
391,812061100,2021-07-14 00:00:00.000
347,664041286,2021-07-15 00:00:00.000
386,919320372,2021-07-16 00:00:00.000
269,397700250,2021-07-17 00:00:00.000
33,45817900,2021-07-18 00:00:00.000
439,1311226229,2021-07-19 00:00:00.000
77,151161300,2021-07-20 00:00:00.000
289,705686028,2021-07-21 00:00:00.000
539,1368996671,2021-07-22 00:00:00.000
396,836252772,2021-07-23 00:00:00.000
206,286494150,2021-07-24 00:00:00.000
127,184061600,2021-07-25 00:00:00.000
663,1327418900,2021-07-26 00:00:00.000
466,2294970689,2021-07-27 00:00:00.000
510,1027955575,2021-07-28 00:00:00.000
679,1667192510,2021-07-29 00:00:00.000
696,1683743628,2021-07-30 00:00:00.000
181,277554800,2021-07-31 00:00:00.000
219,328692550,2021-08-01 00:00:00.000
1292,2593117004,2021-08-02 00:00:00.000
1736,3939674775,2021-08-03 00:00:00.000
1441,3214908175,2021-08-04 00:00:00.000
1458,3749218792,2021-08-05 00:00:00.000
1693,4344874875,2021-08-06 00:00:00.000
221,287784250,2021-08-07 00:00:00.000
170,258389400,2021-08-08 00:00:00.000
1064,2439151150,2021-08-09 00:00:00.000
808,3599498709,2021-08-10 00:00:00.000
386,780293350,2021-08-11 00:00:00.000
1108,2727511239,2021-08-12 00:00:00.000
1236,2963898325,2021-08-13 00:00:00.000
409,825221136,2021-08-14 00:00:00.000
272,664897450,2021-08-15 00:00:00.000
1616,4234721675,2021-08-16 00:00:00.000
114,200571450,2021-08-17 00:00:00.000
384,747802048,2021-08-18 00:00:00.000
298,469152431,2021-08-19 00:00:00.000
328,1099906962,2021-08-20 00:00:00.000
106,146357900,2021-08-21 00:00:00.000
64,92721650,2021-08-22 00:00:00.000
196,387020650,2021-08-23 00:00:00.000
235,400421606,2021-08-24 00:00:00.000
337,1873657082,2021-08-25 00:00:00.000
315,875985857,2021-08-26 00:00:00.000
351,525067362,2021-08-27 00:00:00.000
153,176261625,2021-08-28 00:00:00.000
133,171439250,2021-08-29 00:00:00.000
541,563201258,2021-08-30 00:00:00.000
658,652675175,2021-08-31 00:00:00.000
1154,920891769,2021-09-01 00:00:00.000
1013,1468024850,2021-09-02 00:00:00.000
786,2079428468,2021-09-03 00:00:00.000
281,313007803,2021-09-04 00:00:00.000
339,336114564,2021-09-05 00:00:00.000
634,1858898650,2021-09-06 00:00:00.000
620,662854199,2021-09-07 00:00:00.000
464,630861476,2021-09-08 00:00:00.000
449,3987348829,2021-09-09 00:00:00.000
522,1475790842,2021-09-10 00:00:00.000
275,263275500,2021-09-11 00:00:00.000
194,203288901,2021-09-12 00:00:00.000
471,580632670,2021-09-13 00:00:00.000
270,298367050,2021-09-14 00:00:00.000
332,533891550,2021-09-15 00:00:00.000
269,712474401,2021-09-16 00:00:00.000
329,764681119,2021-09-17 00:00:00.000
289,202979800,2021-09-18 00:00:00.000
201,173524000,2021-09-19 00:00:00.000
265,465822198,2021-09-20 00:00:00.000
209,248647450,2021-09-21 00:00:00.000
140,189512709,2021-09-22 00:00:00.000
195,219355700,2021-09-23 00:00:00.000
252,2220629566,2021-09-24 00:00:00.000
145,159197500,2021-09-25 00:00:00.000
129,149668000,2021-09-26 00:00:00.000
274,1375246723,2021-09-27 00:00:00.000
279,1749456552,2021-09-28 00:00:00.000
255,279018074,2021-09-29 00:00:00.000
334,401361900,2021-09-30 00:00:00.000
499,562148882,2021-10-01 00:00:00.000
351,298903412,2021-10-02 00:00:00.000
291,248742484,2021-10-03 00:00:00.000
602,601725192,2021-10-04 00:00:00.000
627,669567817,2021-10-05 00:00:00.000
530,1627800202,2021-10-06 00:00:00.000
541,2731228541,2021-10-07 00:00:00.000
491,1540805353,2021-10-08 00:00:00.000
258,534938675,2021-10-09 00:00:00.000
155,211238500,2021-10-10 00:00:00.000
383,542798925,2021-10-11 00:00:00.000
315,620461250,2021-10-12 00:00:00.000
508,762086826,2021-10-13 00:00:00.000
268,658458950,2021-10-14 00:00:00.000
291,509869675,2021-10-15 00:00:00.000
104,161086000,2021-10-16 00:00:00.000
53,70977100,2021-10-17 00:00:00.000
424,682610310,2021-10-18 00:00:00.000
181,362084266,2021-10-19 00:00:00.000
72,386781250,2021-10-20 00:00:00.000
159,1571067463,2021-10-21 00:00:00.000
130,949477350,2021-10-22 00:00:00.000
86,372034253,2021-10-23 00:00:00.000
40,69768150,2021-10-24 00:00:00.000
313,1660869149,2021-10-25 00:00:00.000
301,2192633065,2021-10-26 00:00:00.000
295,2107163400,2021-10-27 00:00:00.000
310,1699448845,2021-10-28 00:00:00.000
380,2195416847,2021-10-29 00:00:00.000
290,1096819484,2021-10-30 00:00:00.000
180,553440500,2021-10-31 00:00:00.000
717,951576305,2021-11-01 00:00:00.000
546,899548979,2021-11-02 00:00:00.000
513,1084738012,2021-11-03 00:00:00.000
469,913252129,2021-11-04 00:00:00.000
516,594098353,2021-11-05 00:00:00.000
294,401993742,2021-11-06 00:00:00.000
209,258501250,2021-11-07 00:00:00.000
534,3677831613,2021-11-08 00:00:00.000
410,816971473,2021-11-09 00:00:00.000
397,436361674,2021-11-10 00:00:00.000
316,371162000,2021-11-11 00:00:00.000
255,269168669,2021-11-12 00:00:00.000
186,145612751,2021-11-13 00:00:00.000
101,102884000,2021-11-14 00:00:00.000
297,773469305,2021-11-15 00:00:00.000
244,1072831928,2021-11-16 00:00:00.000
1093,524540380,2021-11-17 00:00:00.000
1946,984171768,2021-11-18 00:00:00.000
1202,1136165560,2021-11-19 00:00:00.000
408,308245157,2021-11-20 00:00:00.000
147,94774002,2021-11-21 00:00:00.000
449,1570833367,2021-11-22 00:00:00.000
231,4138680075,2021-11-23 00:00:00.000
217,701439204,2021-11-24 00:00:00.000
381,1730756889,2021-11-25 00:00:00.000
381,1179986103,2021-11-26 00:00:00.000
226,455181975,2021-11-27 00:00:00.000
165,230514418,2021-11-28 00:00:00.000
610,845161383,2021-11-29 00:00:00.000
534,800943525,2021-11-30 00:00:00.000
939,1046171142,2021-12-01 00:00:00.000
891,763950170,2021-12-02 00:00:00.000
858,857537480,2021-12-03 00:00:00.000
422,462182511,2021-12-04 00:00:00.000
313,347571417,2021-12-05 00:00:00.000
667,1821545109,2021-12-06 00:00:00.000
490,659533201,2021-12-07 00:00:00.000
338,572946760,2021-12-08 00:00:00.000
318,546844895,2021-12-09 00:00:00.000
333,3504241948,2021-12-10 00:00:00.000
123,144960550,2021-12-11 00:00:00.000
101,134716400,2021-12-12 00:00:00.000
211,409383652,2021-12-13 00:00:00.000
191,911626019,2021-12-14 00:00:00.000
149,410362475,2021-12-15 00:00:00.000
168,362812585,2021-12-16 00:00:00.000
149,280932292,2021-12-17 00:00:00.000
55,85753500,2021-12-18 00:00:00.000
51,84325000,2021-12-19 00:00:00.000
281,480602237,2021-12-20 00:00:00.000
318,675578473,2021-12-21 00:00:00.000
299,536011800,2021-12-22 00:00:00.000
431,843399829,2021-12-23 00:00:00.000
412,1897724710,2021-12-24 00:00:00.000
101,176981300,2021-12-25 00:00:00.000
93,175848500,2021-12-26 00:00:00.000
312,442924817,2021-12-27 00:00:00.000
269,3107979791,2021-12-28 00:00:00.000
221,384625842,2021-12-29 00:00:00.000
211,624269034,2021-12-30 00:00:00.000
237,431568000,2021-12-31 00:00:00.000
201,199946242,2022-01-01 00:00:00.000
190,169448492,2022-01-02 00:00:00.000
654,683244158,2022-01-03 00:00:00.000
918,1766993984,2022-01-04 00:00:00.000
1260,4176506692,2022-01-05 00:00:00.000
1320,3158020450,2022-01-06 00:00:00.000
1345,3323514211,2022-01-07 00:00:00.000
586,1172033674,2022-01-08 00:00:00.000
454,885606400,2022-01-09 00:00:00.000
2619,7830007751,2022-01-10 00:00:00.000
2513,6878319757,2022-01-11 00:00:00.000
2582,10318117911,2022-01-12 00:00:00.000
3252,9012664864,2022-01-13 00:00:00.000
4112,12194914368,2022-01-14 00:00:00.000
301,572527250,2022-01-15 00:00:00.000
148,241808673,2022-01-16 00:00:00.000
647,1339129700,2022-01-17 00:00:00.000
514,1520798753,2022-01-18 00:00:00.000
499,1078817000,2022-01-19 00:00:00.000
563,1647885138,2022-01-20 00:00:00.000
783,2183080767,2022-01-21 00:00:00.000
403,947202834,2022-01-22 00:00:00.000
601,1655173500,2022-01-23 00:00:00.000
365,1342289532,2022-01-24 00:00:00.000
535,1064764716,2022-01-25 00:00:00.000
439,3081996717,2022-01-26 00:00:00.000
542,3188859512,2022-01-27 00:00:00.000
585,942802145,2022-01-28 00:00:00.000
218,314951696,2022-01-29 00:00:00.000
171,215221880,2022-01-30 00:00:00.000
926,2259792951,2022-01-31 00:00:00.000
482,522988303,2022-02-01 00:00:00.000
804,842012796,2022-02-02 00:00:00.000
803,855511116,2022-02-03 00:00:00.000
607,861720117,2022-02-04 00:00:00.000
363,365526500,2022-02-05 00:00:00.000
218,218315500,2022-02-06 00:00:00.000
806,2254959242,2022-02-07 00:00:00.000
495,1373018315,2022-02-08 00:00:00.000
407,667580089,2022-02-09 00:00:00.000
497,3024726706,2022-02-10 00:00:00.000
317,396379911,2022-02-11 00:00:00.000
199,269047800,2022-02-12 00:00:00.000
161,171979505,2022-02-13 00:00:00.000
293,843093971,2022-02-14 00:00:00.000
291,414874300,2022-02-15 00:00:00.000
244,972368735,2022-02-16 00:00:00.000
265,837285615,2022-02-17 00:00:00.000
250,1612049249,2022-02-18 00:00:00.000
119,126521001,2022-02-19 00:00:00.000
90,132398500,2022-02-20 00:00:00.000
229,623456850,2022-02-21 00:00:00.000
167,841640167,2022-02-22 00:00:00.000
230,415859978,2022-02-23 00:00:00.000
297,1471237900,2022-02-24 00:00:00.000
506,2064676350,2022-02-25 00:00:00.000
373,427745756,2022-02-26 00:00:00.000
153,179290611,2022-02-27 00:00:00.000
277,271657584,2022-02-28 00:00:00.000
1017,1035220333,2022-03-01 00:00:00.000
892,1460290595,2022-03-02 00:00:00.000
528,458084259,2022-03-03 00:00:00.000
1077,3184741319,2022-03-04 00:00:00.000
555,513933008,2022-03-05 00:00:00.000
359,346600142,2022-03-06 00:00:00.000
797,872168325,2022-03-07 00:00:00.000
580,1524406662,2022-03-08 00:00:00.000
463,2692326562,2022-03-09 00:00:00.000
566,832821923,2022-03-10 00:00:00.000
351,1332756846,2022-03-11 00:00:00.000
255,290475248,2022-03-12 00:00:00.000
161,195506207,2022-03-13 00:00:00.000
356,601767254,2022-03-14 00:00:00.000
233,2854060447,2022-03-15 00:00:00.000
346,890543088,2022-03-16 00:00:00.000
213,687781007,2022-03-17 00:00:00.000
190,548893879,2022-03-18 00:00:00.000
115,129385309,2022-03-19 00:00:00.000
72,62139945,2022-03-20 00:00:00.000
184,325848000,2022-03-21 00:00:00.000
182,1378047719,2022-03-22 00:00:00.000
154,209595068,2022-03-23 00:00:00.000
220,3680657702,2022-03-24 00:00:00.000
350,491003058,2022-03-25 00:00:00.000
221,262684116,2022-03-26 00:00:00.000
122,122876742,2022-03-27 00:00:00.000
458,1575516878,2022-03-28 00:00:00.000
391,5031009813,2022-03-29 00:00:00.000
452,471650544,2022-03-30 00:00:00.000
565,529088277,2022-03-31 00:00:00.000
849,917764776,2022-04-01 00:00:00.000
556,620874959,2022-04-02 00:00:00.000
385,495394000,2022-04-03 00:00:00.000
812,1171055842,2022-04-04 00:00:00.000
756,1250950006,2022-04-05 00:00:00.000
654,750462300,2022-04-06 00:00:00.000
664,727068992,2022-04-07 00:00:00.000
739,1018720900,2022-04-08 00:00:00.000
373,448836500,2022-04-09 00:00:00.000
267,390138900,2022-04-10 00:00:00.000
753,1534775310,2022-04-11 00:00:00.000
552,1007410036,2022-04-12 00:00:00.000
558,2834948540,2022-04-13 00:00:00.000
547,5665827521,2022-04-14 00:00:00.000
249,334550850,2022-04-15 00:00:00.000
218,269224786,2022-04-16 00:00:00.000
127,157095000,2022-04-17 00:00:00.000
464,766578704,2022-04-18 00:00:00.000
357,2979237950,2022-04-19 00:00:00.000
368,811084850,2022-04-20 00:00:00.000
323,683343713,2022-04-21 00:00:00.000
282,1400695306,2022-04-22 00:00:00.000
168,285734102,2022-04-23 00:00:00.000
105,175710650,2022-04-24 00:00:00.000
417,643819206,2022-04-25 00:00:00.000
353,1096466946,2022-04-26 00:00:00.000
474,3311690850,2022-04-27 00:00:00.000
373,778149965,2022-04-28 00:00:00.000
236,252780500,2022-04-29 00:00:00.000
204,259293984,2022-04-30 00:00:00.000
309,306716010,2022-05-01 00:00:00.000
101,107496950,2022-05-02 00:00:00.000
189,224821109,2022-05-03 00:00:00.000
260,291608742,2022-05-04 00:00:00.000
312,342697401,2022-05-05 00:00:00.000
336,422671450,2022-05-06 00:00:00.000
355,431155376,2022-05-07 00:00:00.000
394,399586758,2022-05-08 00:00:00.000
862,3085043901,2022-05-09 00:00:00.000
1059,1745300392,2022-05-10 00:00:00.000
898,1834835818,2022-05-11 00:00:00.000
789,2869796843,2022-05-12 00:00:00.000
684,1111037982,2022-05-13 00:00:00.000
325,411381500,2022-05-14 00:00:00.000
214,294812500,2022-05-15 00:00:00.000
394,709281010,2022-05-16 00:00:00.000
733,1577852786,2022-05-17 00:00:00.000
629,1455452620,2022-05-18 00:00:00.000
416,739043800,2022-05-19 00:00:00.000
427,827303464,2022-05-20 00:00:00.000
198,232630700,2022-05-21 00:00:00.000
168,216852000,2022-05-22 00:00:00.000
499,658784230,2022-05-23 00:00:00.000
413,703940542,2022-05-24 00:00:00.000
665,5347475189,2022-05-25 00:00:00.000
337,395473300,2022-05-26 00:00:00.000
763,1223906451,2022-05-27 00:00:00.000
333,454265200,2022-05-28 00:00:00.000
271,322579055,2022-05-29 00:00:00.000
831,1374653274,2022-05-30 00:00:00.000
793,969410794,2022-05-31 00:00:00.000
821,877621947,2022-06-01 00:00:00.000
1515,1677175616,2022-06-02 00:00:00.000
1488,1394697065,2022-06-03 00:00:00.000
782,739408291,2022-06-04 00:00:00.000
594,576904125,2022-06-05 00:00:00.000
1136,1680324698,2022-06-06 00:00:00.000
891,860828436,2022-06-07 00:00:00.000
829,1181782220,2022-06-08 00:00:00.000
657,730453291,2022-06-09 00:00:00.000
700,1024644017,2022-06-10 00:00:00.000
330,355675012,2022-06-11 00:00:00.000
223,201507585,2022-06-12 00:00:00.000
565,641366459,2022-06-13 00:00:00.000
578,801865071,2022-06-14 00:00:00.000
464,738776262,2022-06-15 00:00:00.000
561,709509785,2022-06-16 00:00:00.000
498,699237355,2022-06-17 00:00:00.000
235,247136806,2022-06-18 00:00:00.000
173,191927473,2022-06-19 00:00:00.000
611,914446059,2022-06-20 00:00:00.000
400,822454635,2022-06-21 00:00:00.000
884,833712196,2022-06-22 00:00:00.000
1420,948934888,2022-06-23 00:00:00.000
1677,2124459966,2022-06-24 00:00:00.000
936,739448289,2022-06-25 00:00:00.000
573,381089050,2022-06-26 00:00:00.000
1012,1639981004,2022-06-27 00:00:00.000
853,1053300265,2022-06-28 00:00:00.000
830,1018309730,2022-06-29 00:00:00.000
1132,1418164695,2022-06-30 00:00:00.000
1778,2078011080,2022-07-01 00:00:00.000
1135,1316163292,2022-07-02 00:00:00.000
665,858297500,2022-07-03 00:00:00.000
1681,2097455910,2022-07-04 00:00:00.000
1701,2019773904,2022-07-05 00:00:00.000
679,1779149250,2022-07-06 00:00:00.000
769,2554011817,2022-07-07 00:00:00.000
644,2121583648,2022-07-08 00:00:00.000
328,1087051653,2022-07-09 00:00:00.000
176,631113500,2022-07-10 00:00:00.000
627,1773308882,2022-07-11 00:00:00.000
621,1533686650,2022-07-12 00:00:00.000
599,1399095181,2022-07-13 00:00:00.000
762,1854431459,2022-07-14 00:00:00.000
729,1708084238,2022-07-15 00:00:00.000
385,855053223,2022-07-16 00:00:00.000
319,795488083,2022-07-17 00:00:00.000
863,1835336133,2022-07-18 00:00:00.000
1027,2676988324,2022-07-19 00:00:00.000
1077,3248593818,2022-07-20 00:00:00.000
921,2497537875,2022-07-21 00:00:00.000
853,2090157252,2022-07-22 00:00:00.000
299,497024666,2022-07-23 00:00:00.000
264,439780000,2022-07-24 00:00:00.000
976,1970987379,2022-07-25 00:00:00.000
669,1574123446,2022-07-26 00:00:00.000
575,1269392755,2022-07-27 00:00:00.000
732,1437168033,2022-07-28 00:00:00.000
706,1356393750,2022-07-29 00:00:00.000
341,550266637,2022-07-30 00:00:00.000
364,570808500,2022-07-31 00:00:00.000
1868,3086720518,2022-08-01 00:00:00.000
1671,2861645866,2022-08-02 00:00:00.000
1229,2128842827,2022-08-03 00:00:00.000
1193,2174350550,2022-08-04 00:00:00.000
1175,2034948197,2022-08-05 00:00:00.000
473,738095317,2022-08-06 00:00:00.000
454,828292150,2022-08-07 00:00:00.000
1354,2867113349,2022-08-08 00:00:00.000
1178,2422134144,2022-08-09 00:00:00.000
1136,2315947950,2022-08-10 00:00:00.000
1544,4580688000,2022-08-11 00:00:00.000
1300,3939770274,2022-08-12 00:00:00.000
470,1227221350,2022-08-13 00:00:00.000
376,1104859923,2022-08-14 00:00:00.000
2063,6472267763,2022-08-15 00:00:00.000
678,2055750342,2022-08-16 00:00:00.000
781,2371954250,2022-08-17 00:00:00.000
2247,6298023850,2022-08-18 00:00:00.000
1675,4657223366,2022-08-19 00:00:00.000
630,1594895500,2022-08-20 00:00:00.000
459,1101763000,2022-08-21 00:00:00.000
2347,6275844875,2022-08-22 00:00:00.000
2268,5760472750,2022-08-23 00:00:00.000
350,747685542,2022-08-24 00:00:00.000
780,1367259606,2022-08-25 00:00:00.000
583,996502047,2022-08-26 00:00:00.000
332,532290783,2022-08-27 00:00:00.000
233,384221742,2022-08-28 00:00:00.000
841,1546103618,2022-08-29 00:00:00.000
1088,1999779202,2022-08-30 00:00:00.000
730,1105701131,2022-08-31 00:00:00.000
1706,2234357281,2022-09-01 00:00:00.000
1277,1565342453,2022-09-02 00:00:00.000
697,917052312,2022-09-03 00:00:00.000
495,637888000,2022-09-04 00:00:00.000
1474,1822791150,2022-09-05 00:00:00.000
1057,1344708731,2022-09-06 00:00:00.000
920,1306450784,2022-09-07 00:00:00.000
784,828847992,2022-09-08 00:00:00.000
834,1006778051,2022-09-09 00:00:00.000
558,721402504,2022-09-10 00:00:00.000
308,372715500,2022-09-11 00:00:00.000
790,924803304,2022-09-12 00:00:00.000
650,800303705,2022-09-13 00:00:00.000
602,961694504,2022-09-14 00:00:00.000
589,865592900,2022-09-15 00:00:00.000
512,656989986,2022-09-16 00:00:00.000
314,395708253,2022-09-17 00:00:00.000
216,236476650,2022-09-18 00:00:00.000
403,768315253,2022-09-19 00:00:00.000
299,955060116,2022-09-20 00:00:00.000
373,439058717,2022-09-21 00:00:00.000
451,433659500,2022-09-22 00:00:00.000
553,728717094,2022-09-23 00:00:00.000
295,429461809,2022-09-24 00:00:00.000
245,370352819,2022-09-25 00:00:00.000
498,810720133,2022-09-26 00:00:00.000
531,813690303,2022-09-27 00:00:00.000
538,742574350,2022-09-28 00:00:00.000
491,839723254,2022-09-29 00:00:00.000
604,869610138,2022-09-30 00:00:00.000
852,1378340500,2022-10-01 00:00:00.000
599,861048951,2022-10-02 00:00:00.000
1645,2301434632,2022-10-03 00:00:00.000
1160,1776601010,2022-10-04 00:00:00.000
1116,2187227917,2022-10-05 00:00:00.000
940,2201357544,2022-10-06 00:00:00.000
720,1841030244,2022-10-07 00:00:00.000
337,858831320,2022-10-08 00:00:00.000
335,704181100,2022-10-09 00:00:00.000
882,1835427328,2022-10-10 00:00:00.000
613,881055917,2022-10-11 00:00:00.000
569,1265878370,2022-10-12 00:00:00.000
506,1051302571,2022-10-13 00:00:00.000
948,1149460964,2022-10-14 00:00:00.000
486,383190000,2022-10-15 00:00:00.000
360,265514850,2022-10-16 00:00:00.000
855,1356396148,2022-10-17 00:00:00.000
626,1945547050,2022-10-18 00:00:00.000
285,1925661229,2022-10-19 00:00:00.000
291,1342971523,2022-10-20 00:00:00.000
277,1294689050,2022-10-21 00:00:00.000
129,553458242,2022-10-22 00:00:00.000
104,500740400,2022-10-23 00:00:00.000
351,869714800,2022-10-24 00:00:00.000
697,1835774031,2022-10-25 00:00:00.000
516,2176550921,2022-10-26 00:00:00.000
557,1749162851,2022-10-27 00:00:00.000
610,1831498471,2022-10-28 00:00:00.000
354,966104086,2022-10-29 00:00:00.000
332,769089501,2022-10-30 00:00:00.000
906,2213541022,2022-10-31 00:00:00.000
1720,2188043890,2022-11-01 00:00:00.000
1449,1809605928,2022-11-02 00:00:00.000
1156,1543383537,2022-11-03 00:00:00.000
821,1277828244,2022-11-04 00:00:00.000
583,812448503,2022-11-05 00:00:00.000
406,514374550,2022-11-06 00:00:00.000
915,1385032000,2022-11-07 00:00:00.000
670,967306980,2022-11-08 00:00:00.000
665,948431280,2022-11-09 00:00:00.000
723,964859607,2022-11-10 00:00:00.000
523,917987030,2022-11-11 00:00:00.000
247,344622215,2022-11-12 00:00:00.000
158,180074400,2022-11-13 00:00:00.000
546,982173670,2022-11-14 00:00:00.000
425,786876884,2022-11-15 00:00:00.000
461,1171402102,2022-11-16 00:00:00.000
403,708873468,2022-11-17 00:00:00.000
309,740477653,2022-11-18 00:00:00.000
223,246044242,2022-11-19 00:00:00.000
135,185689250,2022-11-20 00:00:00.000
349,624112250,2022-11-21 00:00:00.000
370,1043109216,2022-11-22 00:00:00.000
407,644127646,2022-11-23 00:00:00.000
365,654615369,2022-11-24 00:00:00.000
812,1232769696,2022-11-25 00:00:00.000
421,611785400,2022-11-26 00:00:00.000
361,571272202,2022-11-27 00:00:00.000
859,1556270199,2022-11-28 00:00:00.000
770,1224229707,2022-11-29 00:00:00.000
889,1534430685,2022-11-30 00:00:00.000
1880,2562025062,2022-12-01 00:00:00.000
1629,2033712588,2022-12-02 00:00:00.000
708,939771082,2022-12-03 00:00:00.000
671,830173251,2022-12-04 00:00:00.000
1280,1833348509,2022-12-05 00:00:00.000
811,948519634,2022-12-06 00:00:00.000
793,1303400067,2022-12-07 00:00:00.000
539,825452554,2022-12-08 00:00:00.000
722,1351401102,2022-12-09 00:00:00.000
1,552500,2022-12-10 00:00:00.000
99,204099719,2022-12-11 00:00:00.000
276,484419004,2022-12-12 00:00:00.000
659,1440359803,2022-12-13 00:00:00.000
298,836356525,2022-12-14 00:00:00.000
392,821273188,2022-12-15 00:00:00.000
413,1306178347,2022-12-16 00:00:00.000
134,284762500,2022-12-17 00:00:00.000
89,157647900,2022-12-18 00:00:00.000
384,1081847763,2022-12-19 00:00:00.000
384,1274826025,2022-12-20 00:00:00.000
385,781909884,2022-12-21 00:00:00.000
459,843649861,2022-12-22 00:00:00.000
741,1141411652,2022-12-23 00:00:00.000
347,611566858,2022-12-24 00:00:00.000
146,252505250,2022-12-25 00:00:00.000
273,570279349,2022-12-26 00:00:00.000
294,698189626,2022-12-27 00:00:00.000
289,596715900,2022-12-28 00:00:00.000
432,672955666,2022-12-29 00:00:00.000
1122,933302304,2022-12-30 00:00:00.000
651,487279059,2022-12-31 00:00:00.000
725,749924401,2023-01-01 00:00:00.000
1715,1656005240,2023-01-02 00:00:00.000
1272,1272132576,2023-01-03 00:00:00.000
902,1211984583,2023-01-04 00:00:00.000
868,1252807986,2023-01-05 00:00:00.000
804,1245441368,2023-01-06 00:00:00.000
596,830063700,2023-01-07 00:00:00.000
459,535686950,2023-01-08 00:00:00.000
1334,1700856584,2023-01-09 00:00:00.000
1577,3179294356,2023-01-10 00:00:00.000
1137,3171600943,2023-01-11 00:00:00.000
850,2220780400,2023-01-12 00:00:00.000
987,2473777421,2023-01-13 00:00:00.000
303,554796500,2023-01-14 00:00:00.000
252,581742536,2023-01-15 00:00:00.000
977,3520391067,2023-01-16 00:00:00.000
690,2313369532,2023-01-17 00:00:00.000
683,1937547202,2023-01-18 00:00:00.000
757,2037147000,2023-01-19 00:00:00.000
637,1973690700,2023-01-20 00:00:00.000
224,648160792,2023-01-21 00:00:00.000
205,599591501,2023-01-22 00:00:00.000
372,1144637819,2023-01-23 00:00:00.000
1345,4412245764,2023-01-24 00:00:00.000
1502,3669320103,2023-01-25 00:00:00.000
1548,4005170507,2023-01-26 00:00:00.000
1481,3753710142,2023-01-27 00:00:00.000
644,1313210650,2023-01-28 00:00:00.000
481,1118691992,2023-01-29 00:00:00.000
2356,6194765317,2023-01-30 00:00:00.000
1805,4609954869,2023-01-31 00:00:00.000
1806,2685473603,2023-02-01 00:00:00.000
1342,2031504936,2023-02-02 00:00:00.000
1078,1639789077,2023-02-03 00:00:00.000
574,861450698,2023-02-04 00:00:00.000
514,742396713,2023-02-05 00:00:00.000
1336,2219997527,2023-02-06 00:00:00.000
1348,2950733034,2023-02-07 00:00:00.000
777,1102545644,2023-02-08 00:00:00.000
635,1123084137,2023-02-09 00:00:00.000
718,1317882500,2023-02-10 00:00:00.000
376,575188100,2023-02-11 00:00:00.000
207,364081250,2023-02-12 00:00:00.000
605,1035435678,2023-02-13 00:00:00.000
544,1003596021,2023-02-14 00:00:00.000
557,1026057262,2023-02-15 00:00:00.000
899,1011786063,2023-02-16 00:00:00.000
490,1343424962,2023-02-17 00:00:00.000
126,227995138,2023-02-18 00:00:00.000
113,166163000,2023-02-19 00:00:00.000
369,866269155,2023-02-20 00:00:00.000
381,767910600,2023-02-21 00:00:00.000
305,625029099,2023-02-22 00:00:00.000
340,569466688,2023-02-23 00:00:00.000
648,1582835433,2023-02-24 00:00:00.000
367,544893996,2023-02-25 00:00:00.000
372,512583100,2023-02-26 00:00:00.000
979,1933618285,2023-02-27 00:00:00.000
1179,1688406004,2023-02-28 00:00:00.000
2124,2821394381,2023-03-01 00:00:00.000
1738,2314843585,2023-03-02 00:00:00.000
1314,1913448447,2023-03-03 00:00:00.000
746,1026848032,2023-03-04 00:00:00.000
588,728912824,2023-03-05 00:00:00.000
1126,1860043774,2023-03-06 00:00:00.000
778,1252258001,2023-03-07 00:00:00.000
728,1082332828,2023-03-08 00:00:00.000
572,896209533,2023-03-09 00:00:00.000
684,1422012845,2023-03-10 00:00:00.000
239,411333525,2023-03-11 00:00:00.000
179,210725500,2023-03-12 00:00:00.000
552,935845055,2023-03-13 00:00:00.000
423,1128560500,2023-03-14 00:00:00.000
391,685523215,2023-03-15 00:00:00.000
753,778432746,2023-03-16 00:00:00.000
419,802735734,2023-03-17 00:00:00.000
134,188788554,2023-03-18 00:00:00.000
75,116759242,2023-03-19 00:00:00.000
229,551829600,2023-03-20 00:00:00.000
208,582259824,2023-03-21 00:00:00.000
91,159445900,2023-03-22 00:00:00.000
99,213432419,2023-03-23 00:00:00.000
467,1230863288,2023-03-24 00:00:00.000
327,723640821,2023-03-25 00:00:00.000
216,330320532,2023-03-26 00:00:00.000
528,1054119992,2023-03-27 00:00:00.000
492,690590002,2023-03-28 00:00:00.000
524,671348115,2023-03-29 00:00:00.000
553,776173585,2023-03-30 00:00:00.000
669,911169111,2023-03-31 00:00:00.000
827,1025880580,2023-04-01 00:00:00.000
544,673401517,2023-04-02 00:00:00.000
1332,1627381905,2023-04-03 00:00:00.000
973,1511763011,2023-04-04 00:00:00.000
968,1645133719,2023-04-05 00:00:00.000
1180,1778624929,2023-04-06 00:00:00.000
547,877183650,2023-04-07 00:00:00.000
454,692177100,2023-04-08 00:00:00.000
300,471268758,2023-04-09 00:00:00.000
941,1425859409,2023-04-10 00:00:00.000
601,916819630,2023-04-11 00:00:00.000
483,681045747,2023-04-12 00:00:00.000
411,819722750,2023-04-13 00:00:00.000
567,910167716,2023-04-14 00:00:00.000
275,406162760,2023-04-15 00:00:00.000
153,221192819,2023-04-16 00:00:00.000
332,781812274,2023-04-17 00:00:00.000
800,1516181734,2023-04-18 00:00:00.000
191,335118349,2023-04-19 00:00:00.000
83,121064600,2023-04-20 00:00:00.000
63,102568825,2023-04-21 00:00:00.000
22,15901500,2023-04-22 00:00:00.000
47,66580342,2023-04-23 00:00:00.000
60,75086000,2023-04-24 00:00:00.000
183,234434300,2023-04-25 00:00:00.000
238,320066578,2023-04-26 00:00:00.000
325,366017703,2023-04-27 00:00:00.000
447,819635348,2023-04-28 00:00:00.000
303,454826137,2023-04-29 00:00:00.000
248,330280169,2023-04-30 00:00:00.000
974,1105158680,2023-05-01 00:00:00.000
1648,2108008545,2023-05-02 00:00:00.000
1411,1837253954,2023-05-03 00:00:00.000
1144,1587628841,2023-05-04 00:00:00.000
960,1385253171,2023-05-05 00:00:00.000
425,614492200,2023-05-06 00:00:00.000
384,494843516,2023-05-07 00:00:00.000
860,1326565551,2023-05-08 00:00:00.000
819,1215888341,2023-05-09 00:00:00.000
791,1161306748,2023-05-10 00:00:00.000
713,862749899,2023-05-11 00:00:00.000
472,746850400,2023-05-12 00:00:00.000
198,298942600,2023-05-13 00:00:00.000
188,228467234,2023-05-14 00:00:00.000
606,954041896,2023-05-15 00:00:00.000
417,709016650,2023-05-16 00:00:00.000
768,759494769,2023-05-17 00:00:00.000
152,210220950,2023-05-18 00:00:00.000
462,1108668400,2023-05-19 00:00:00.000
177,220032019,2023-05-20 00:00:00.000
97,106270500,2023-05-21 00:00:00.000
347,654875850,2023-05-22 00:00:00.000
358,816746919,2023-05-23 00:00:00.000
383,592446471,2023-05-24 00:00:00.000
785,975900571,2023-05-25 00:00:00.000
771,1153557046,2023-05-26 00:00:00.000
373,401312622,2023-05-27 00:00:00.000
350,411915000,2023-05-28 00:00:00.000
716,1006317558,2023-05-29 00:00:00.000
861,1136697516,2023-05-30 00:00:00.000
933,1064025163,2023-05-31 00:00:00.000
997,1155223733,2023-06-01 00:00:00.000
1004,1137005673,2023-06-02 00:00:00.000
